exchange,quoteCount,pct
ARCA,1666376,16.66376
BATS,1665634,16.65634
EDGX,1666210,16.6621
IEX,1666895,16.66895
NASDAQ,1667763,16.67763
NYSE,1667122,16.67122
