sym,kyleLambda
AAPL,0.0002991144
AMZN,0.0008638865
BAC,-8.510101e-05
GOOGL,-0.0002419059
GS,-0.002421369
JPM,-0.0004273079
META,-0.002948931
MSFT,-0.001033793
NVDA,-0.004671836
TSLA,-0.0007223725
