sym,kyleLambda
AAPL,2.097358e-05
AMZN,7.097872e-06
BAC,1.20172e-05
GOOGL,9.659464e-06
GS,1.349424e-05
JPM,1.671349e-05
META,-1.877856e-06
MSFT,3.91448e-05
NVDA,-1.811764e-05
TSLA,-2.928512e-06
