mmid,avgImbalance,imbalanceStd
CITADEL,0.0005952402,0.4615704
IMC,-0.0001678735,0.4616742
JANE,-0.0002706,0.4612572
JUMP,0.0002838268,0.4617613
OPTIVER,0.0006501199,0.4618489
SIG,0.0005774143,0.4616205
TOWER,-0.0004175582,0.4617448
VIRTU,0.0004774694,0.4614977
