mmid,avgImbalance,imbalanceStd
CITADEL,-0.00652134,0.461365
IMC,0.0002322813,0.4627376
JANE,0.00324591,0.4654658
JUMP,-0.005491332,0.4626093
OPTIVER,-0.006117992,0.4617653
SIG,0.003899152,0.4569062
TOWER,-0.005199853,0.4626133
VIRTU,0.0002207718,0.4690806
