mmid,quoteCount,pct
CITADEL,1249825,12.49825
IMC,1250622,12.50622
JANE,1248957,12.48957
JUMP,1250551,12.50551
OPTIVER,1249978,12.49978
SIG,1251074,12.51074
TOWER,1249141,12.49141
VIRTU,1249852,12.49852
